{
  "attributes": {
    "two_handed": false,
    "category": "sword",
    "attacks": [
      {
        "hitbox": "HORIZONTAL_PLANE",
        "damage_multiplier": 1,
        "angle": 120,
        "upswing": 0.5,
        "animation": "bettercombat:one_handed_slash_horizontal_right",
        "swing_sound": {
          "id": "bettercombat:sword_slash"
        }
      },
      {
        "hitbox": "HORIZONTAL_PLANE",
        "damage_multiplier": 1,
        "angle": 120,
        "upswing": 0.5,
        "animation": "simplyswords:one_handed_estoc_throw_left",
        "swing_sound": {
          "id": "bettercombat:sword_slash"
        }
      },
      {
        "hitbox": "VERTICAL_PLANE",
        "damage_multiplier": 1,
        "angle": 120,
        "upswing": 0.5,
        "animation": "simplyswords:halberd_wrath_hew",
        "swing_sound": {
          "id": "bettercombat:sword_slash",
          "pitch": 1.2
        }
      }
    ]
  }
} 