{
    "name": "halberd_slash_vertical_right",
    "author": "Sweenus",
    "description": "Halberd vertical slash attack from upper right",
    "emote":{
        "isLoop": "false",
        "returnTick": 2,
        "beginTick":9,
        "endTick":20,
        "stopTick":30,
        "degrees":false,
        "moves":[
            
            {
                "tick":9,
                "easing": "EASEINOUTQUAD",
                "turn": 0,
                "head":{
                    "y":-0.0
                }
            },
            {
                "tick":11,
                "easing": "EASEINQUAD",
                "turn": 0,
                "head":{
                    "y":-0.0
                }
            },
            {
                "tick":9,
                "easing": "EASEINOUTQUAD",
                "turn": 0,
                "head":{
                    "z":-0.0
                }
            },
            {
                "tick":11,
                "easing": "EASEINQUAD",
                "turn": 0,
                "head":{
                    "z":-0.0
                }
            },
            {
                "tick":9,
                "easing": "EASEINOUTQUAD",
                "turn": 0,
                "head":{
                    "x":-0.0
                }
            },
            {
                "tick":11,
                "easing": "EASEINQUAD",
                "turn": 0,
                "head":{
                    "x":-0.0
                }
            },
            {
                "tick":9,
                "easing": "EASEINOUTQUAD",
                "turn": 0,
                "head":{
                    "yaw":-0.35585859417915344
                }
            },
            {
                "tick":11,
                "easing": "EASEINQUAD",
                "turn": 0,
                "head":{
                    "yaw":-0.09703460335731506
                }
            },
            {
                "tick":9,
                "easing": "EASEINOUTQUAD",
                "turn": 0,
                "head":{
                    "roll":-0.018992677330970764
                }
            },
            {
                "tick":11,
                "easing": "EASEINQUAD",
                "turn": 0,
                "head":{
                    "roll":0.02460823766887188
                }
            },
            {
                "tick":9,
                "easing": "EASEINOUTQUAD",
                "turn": 0,
                "head":{
                    "pitch":0.5265951156616211
                }
            },
            {
                "tick":11,
                "easing": "EASEINQUAD",
                "turn": 0,
                "head":{
                    "pitch":-0.20380888879299164
                }
            },
            {
                "tick":9,
                "easing": "EASEINOUTQUAD",
                "turn": 0,
                "torso":{
                    "yaw":-0.31354349851608276
                }
            },
            {
                "tick":11,
                "easing": "EASEINQUAD",
                "turn": 0,
                "torso":{
                    "yaw":-0.09967126697301865
                }
            },
            {
                "tick":15,
                "easing": "EASEINOUTQUAD",
                "turn": 0,
                "torso":{
                    "yaw":0.37680357694625854
                }
            },
            {
                "tick":9,
                "easing": "EASEINOUTQUAD",
                "turn": 0,
                "torso":{
                    "roll":-0.17695647478103638
                }
            },
            {
                "tick":11,
                "easing": "EASEINQUAD",
                "turn": 0,
                "torso":{
                    "roll":-0.007057500537484884
                }
            },
            {
                "tick":9,
                "easing": "EASEINOUTQUAD",
                "turn": 0,
                "torso":{
                    "pitch":0.545333981513977
                }
            },
            {
                "tick":11,
                "easing": "EASEINQUAD",
                "turn": 0,
                "torso":{
                    "pitch":-0.02756543457508087
                }
            },
            {
                "tick":9,
                "easing": "EASEINOUTQUAD",
                "turn": 0,
                "torso":{
                    "y":-0.0217567291110754
                }
            },
            {
                "tick":11,
                "easing": "EASEINQUAD",
                "turn": 0,
                "torso":{
                    "y":0.0
                }
            },
            {
                "tick":9,
                "easing": "EASEINOUTQUAD",
                "turn": 0,
                "torso":{
                    "x":0.0
                }
            },
            {
                "tick":11,
                "easing": "EASEINQUAD",
                "turn": 0,
                "torso":{
                    "x":0.0
                }
            },
            {
                "tick":9,
                "easing": "EASEINOUTQUAD",
                "turn": 0,
                "torso":{
                    "z":-0.08340080827474594
                }
            },
            {
                "tick":11,
                "easing": "EASEINQUAD",
                "turn": 0,
                "torso":{
                    "z":-0.19249999523162842
                }
            },
            {
                "tick":9,
                "easing": "EASEINOUTQUAD",
                "turn": 0,
                "rightArm":{
                    "yaw":-0.18233323097229004
                }
            },
            {
                "tick":10,
                "easing": "EASEINQUAD",
                "turn": 0,
                "rightArm":{
                    "yaw":0.8707054853439331
                }
            },
            {
                "tick":12,
                "easing": "EASEINOUTQUAD",
                "turn": 0,
                "rightArm":{
                    "yaw":0.3154720067977905
                }
            },
            {
                "tick":15,
                "easing": "EASEINOUTQUAD",
                "turn": 0,
                "rightArm":{
                    "yaw":-0.7020548582077026
                }
            },
            {
                "tick":18,
                "easing": "EASEINOUTQUAD",
                "turn": 0,
                "rightArm":{
                    "yaw":-0.7020548582077026
                }
            },
            {
                "tick":20,
                "easing": "EASEINOUTQUAD",
                "turn": 0,
                "rightArm":{
                    "yaw":-0.5467206239700317
                }
            },
            {
                "tick":9,
                "easing": "EASEINOUTQUAD",
                "turn": 0,
                "rightArm":{
                    "roll":0.18397101759910583
                }
            },
            {
                "tick":10,
                "easing": "EASEINQUAD",
                "turn": 0,
                "rightArm":{
                    "roll":-0.013708734884858131
                }
            },
            {
                "tick":12,
                "easing": "EASEINOUTQUAD",
                "turn": 0,
                "rightArm":{
                    "roll":-0.09295521676540375
                }
            },
            {
                "tick":15,
                "easing": "EASEINOUTQUAD",
                "turn": 0,
                "rightArm":{
                    "roll":0.3433770537376404
                }
            },
            {
                "tick":18,
                "easing": "EASEINOUTQUAD",
                "turn": 0,
                "rightArm":{
                    "roll":0.3433770537376404
                }
            },
            {
                "tick":20,
                "easing": "EASEINOUTQUAD",
                "turn": 0,
                "rightArm":{
                    "roll":0.3433770537376404
                }
            },
            {
                "tick":9,
                "easing": "EASEINOUTQUAD",
                "turn": 0,
                "rightArm":{
                    "y":2.0
                }
            },
            {
                "tick":12,
                "easing": "EASEINOUTQUAD",
                "turn": 0,
                "rightArm":{
                    "y":4.3012285232543945
                }
            },
            {
                "tick":15,
                "easing": "EASEINOUTQUAD",
                "turn": 0,
                "rightArm":{
                    "y":4.3012285232543945
                }
            },
            {
                "tick":18,
                "easing": "EASEINOUTQUAD",
                "turn": 0,
                "rightArm":{
                    "y":4.3012285232543945
                }
            },
            {
                "tick":20,
                "easing": "EASEINOUTQUAD",
                "turn": 0,
                "rightArm":{
                    "y":4.3012285232543945
                }
            },
            {
                "tick":9,
                "easing": "EASEINOUTQUAD",
                "turn": 0,
                "rightArm":{
                    "z":-0.0
                }
            },
            {
                "tick":12,
                "easing": "EASEINOUTQUAD",
                "turn": 0,
                "rightArm":{
                    "z":-2.025843381881714
                }
            },
            {
                "tick":15,
                "easing": "EASEINOUTQUAD",
                "turn": 0,
                "rightArm":{
                    "z":-2.025843381881714
                }
            },
            {
                "tick":18,
                "easing": "EASEINOUTQUAD",
                "turn": 0,
                "rightArm":{
                    "z":-1.3458433151245117
                }
            },
            {
                "tick":20,
                "easing": "EASEINOUTQUAD",
                "turn": 0,
                "rightArm":{
                    "z":-4.265843391418457
                }
            },
            {
                "tick":9,
                "easing": "EASEINOUTQUAD",
                "turn": 0,
                "rightArm":{
                    "x":-5.0
                }
            },
            {
                "tick":12,
                "easing": "EASEINOUTQUAD",
                "turn": 0,
                "rightArm":{
                    "x":-4.793127059936523
                }
            },
            {
                "tick":15,
                "easing": "EASEINOUTQUAD",
                "turn": 0,
                "rightArm":{
                    "x":-1.8331270217895508
                }
            },
            {
                "tick":18,
                "easing": "EASEINOUTQUAD",
                "turn": 0,
                "rightArm":{
                    "x":-1.8331270217895508
                }
            },
            {
                "tick":20,
                "easing": "EASEINOUTQUAD",
                "turn": 0,
                "rightArm":{
                    "x":0.4068729877471924
                }
            },
            {
                "tick":9,
                "easing": "EASEINOUTQUAD",
                "turn": 0,
                "rightArm":{
                    "pitch":0.9815433025360107
                }
            },
            {
                "tick":10,
                "easing": "EASEINQUAD",
                "turn": 0,
                "rightArm":{
                    "pitch":-1.3028815984725952
                }
            },
            {
                "tick":12,
                "easing": "EASEINOUTQUAD",
                "turn": 0,
                "rightArm":{
                    "pitch":-1.5334488153457642
                }
            },
            {
                "tick":15,
                "easing": "EASEINOUTQUAD",
                "turn": 0,
                "rightArm":{
                    "pitch":-1.5334488153457642
                }
            },
            {
                "tick":18,
                "easing": "EASEINOUTQUAD",
                "turn": 0,
                "rightArm":{
                    "pitch":-1.5334488153457642
                }
            },
            {
                "tick":20,
                "easing": "EASEINOUTQUAD",
                "turn": 0,
                "rightArm":{
                    "pitch":-1.5334488153457642
                }
            },
            {
                "tick":9,
                "easing": "EASEINOUTQUAD",
                "turn": 0,
                "leftArm":{
                    "roll":0.0008990764617919922
                }
            },
            {
                "tick":11,
                "easing": "EASEINQUAD",
                "turn": 0,
                "leftArm":{
                    "roll":0.40001702308654785
                }
            },
            {
                "tick":15,
                "easing": "EASEINOUTQUAD",
                "turn": 0,
                "leftArm":{
                    "roll":-0.7207932472229004
                }
            },
            {
                "tick":20,
                "easing": "EASEINOUTQUAD",
                "turn": 0,
                "leftArm":{
                    "roll":-0.2478090524673462
                }
            },
            {
                "tick":9,
                "easing": "EASEINOUTQUAD",
                "turn": 0,
                "leftArm":{
                    "yaw":0.7814172506332397
                }
            },
            {
                "tick":11,
                "easing": "EASEINQUAD",
                "turn": 0,
                "leftArm":{
                    "yaw":0.4653353989124298
                }
            },
            {
                "tick":15,
                "easing": "EASEINOUTQUAD",
                "turn": 0,
                "leftArm":{
                    "yaw":-0.8187576532363892
                }
            },
            {
                "tick":20,
                "easing": "EASEINOUTQUAD",
                "turn": 0,
                "leftArm":{
                    "yaw":-0.8187576532363892
                }
            },
            {
                "tick":9,
                "easing": "EASEINOUTQUAD",
                "turn": 0,
                "leftArm":{
                    "pitch":-1.1331079006195068
                }
            },
            {
                "tick":11,
                "easing": "EASEINQUAD",
                "turn": 0,
                "leftArm":{
                    "pitch":-1.2142077684402466
                }
            },
            {
                "tick":15,
                "easing": "EASEINOUTQUAD",
                "turn": 0,
                "leftArm":{
                    "pitch":0.2354034185409546
                }
            },
            {
                "tick":20,
                "easing": "EASEINOUTQUAD",
                "turn": 0,
                "leftArm":{
                    "pitch":-0.5674479603767395
                }
            },
            {
                "tick":9,
                "easing": "EASEINOUTQUAD",
                "turn": 0,
                "leftArm":{
                    "y":3.0192394256591797
                }
            },
            {
                "tick":11,
                "easing": "EASEINQUAD",
                "turn": 0,
                "leftArm":{
                    "y":2.104966163635254
                }
            },
            {
                "tick":15,
                "easing": "EASEINOUTQUAD",
                "turn": 0,
                "leftArm":{
                    "y":1.4649658203125
                }
            },
            {
                "tick":20,
                "easing": "EASEINOUTQUAD",
                "turn": 0,
                "leftArm":{
                    "y":1.4649658203125
                }
            },
            {
                "tick":9,
                "easing": "EASEINOUTQUAD",
                "turn": 0,
                "leftArm":{
                    "z":-1.8673737049102783
                }
            },
            {
                "tick":11,
                "easing": "EASEINQUAD",
                "turn": 0,
                "leftArm":{
                    "z":-2.407924175262451
                }
            },
            {
                "tick":15,
                "easing": "EASEINOUTQUAD",
                "turn": 0,
                "leftArm":{
                    "z":0.7920757532119751
                }
            },
            {
                "tick":20,
                "easing": "EASEINOUTQUAD",
                "turn": 0,
                "leftArm":{
                    "z":0.7920757532119751
                }
            },
            {
                "tick":9,
                "easing": "EASEINOUTQUAD",
                "turn": 0,
                "leftArm":{
                    "x":4.076714515686035
                }
            },
            {
                "tick":11,
                "easing": "EASEINQUAD",
                "turn": 0,
                "leftArm":{
                    "x":4.05802583694458
                }
            },
            {
                "tick":20,
                "easing": "EASEINOUTQUAD",
                "turn": 0,
                "leftArm":{
                    "x":4.05802583694458
                }
            },
            {
                "tick":9,
                "easing": "EASEINOUTQUAD",
                "turn": 0,
                "rightLeg":{
                    "yaw":-0.1628602147102356
                }
            },
            {
                "tick":11,
                "easing": "EASEINQUAD",
                "turn": 0,
                "rightLeg":{
                    "yaw":0.07119990140199661
                }
            },
            {
                "tick":12,
                "easing": "EASEOUTQUAD",
                "turn": 0,
                "rightLeg":{
                    "yaw":0.030609779059886932
                }
            },
            {
                "tick":20,
                "easing": "EASEINOUTQUAD",
                "turn": 0,
                "rightLeg":{
                    "yaw":0.05093257501721382
                }
            },
            {
                "tick":9,
                "easing": "EASEINOUTQUAD",
                "turn": 0,
                "rightLeg":{
                    "roll":0.10754676163196564
                }
            },
            {
                "tick":11,
                "easing": "EASEINQUAD",
                "turn": 0,
                "rightLeg":{
                    "roll":0.07077924907207489
                }
            },
            {
                "tick":12,
                "easing": "EASEOUTQUAD",
                "turn": 0,
                "rightLeg":{
                    "roll":-0.055358435958623886
                }
            },
            {
                "tick":20,
                "easing": "EASEINOUTQUAD",
                "turn": 0,
                "rightLeg":{
                    "roll":-0.039826326072216034
                }
            },
            {
                "tick":9,
                "easing": "EASEINOUTQUAD",
                "turn": 0,
                "rightLeg":{
                    "pitch":0.40954118967056274
                }
            },
            {
                "tick":11,
                "easing": "EASEINQUAD",
                "turn": 0,
                "rightLeg":{
                    "pitch":-0.34623196721076965
                }
            },
            {
                "tick":12,
                "easing": "EASEOUTQUAD",
                "turn": 0,
                "rightLeg":{
                    "pitch":-0.22310581803321838
                }
            },
            {
                "tick":20,
                "easing": "EASEINOUTQUAD",
                "turn": 0,
                "rightLeg":{
                    "pitch":0.017843127250671387
                }
            },
            {
                "tick":9,
                "easing": "EASEINOUTQUAD",
                "turn": 0,
                "rightLeg":{
                    "x":-1.7540056943893432
                }
            },
            {
                "tick":11,
                "easing": "EASEINQUAD",
                "turn": 0,
                "rightLeg":{
                    "x":-2.0915652751922607
                }
            },
            {
                "tick":12,
                "easing": "EASEOUTQUAD",
                "turn": 0,
                "rightLeg":{
                    "x":-2.1445995807647704
                }
            },
            {
                "tick":20,
                "easing": "EASEINOUTQUAD",
                "turn": 0,
                "rightLeg":{
                    "x":-2.1445995807647704
                }
            },
            {
                "tick":9,
                "easing": "EASEINOUTQUAD",
                "turn": 0,
                "rightLeg":{
                    "y":9.895355939865112
                }
            },
            {
                "tick":11,
                "easing": "EASEINQUAD",
                "turn": 0,
                "rightLeg":{
                    "y":10.283141016960144
                }
            },
            {
                "tick":12,
                "easing": "EASEOUTQUAD",
                "turn": 0,
                "rightLeg":{
                    "y":10.948072791099548
                }
            },
            {
                "tick":20,
                "easing": "EASEINOUTQUAD",
                "turn": 0,
                "rightLeg":{
                    "y":10.948072791099548
                }
            },
            {
                "tick":9,
                "easing": "EASEINOUTQUAD",
                "turn": 0,
                "rightLeg":{
                    "z":-4.412471675872803
                }
            },
            {
                "tick":11,
                "easing": "EASEINQUAD",
                "turn": 0,
                "rightLeg":{
                    "z":-2.536529207229614
                }
            },
            {
                "tick":12,
                "easing": "EASEOUTQUAD",
                "turn": 0,
                "rightLeg":{
                    "z":-1.2996007442474364
                }
            },
            {
                "tick":20,
                "easing": "EASEINOUTQUAD",
                "turn": 0,
                "rightLeg":{
                    "z":-1.2996007442474364
                }
            },
            {
                "tick":9,
                "easing": "EASEINOUTQUAD",
                "turn": 0,
                "leftLeg":{
                    "yaw":-0.3616963326931
                }
            },
            {
                "tick":11,
                "easing": "EASEINOUTQUAD",
                "turn": 0,
                "leftLeg":{
                    "yaw":-0.3616963326931
                }
            },
            {
                "tick":9,
                "easing": "EASEINOUTQUAD",
                "turn": 0,
                "leftLeg":{
                    "roll":-0.009968787431716919
                }
            },
            {
                "tick":11,
                "easing": "EASEINOUTQUAD",
                "turn": 0,
                "leftLeg":{
                    "roll":-0.009968787431716919
                }
            },
            {
                "tick":9,
                "easing": "EASEINOUTQUAD",
                "turn": 0,
                "leftLeg":{
                    "pitch":0.5414566993713379
                }
            },
            {
                "tick":11,
                "easing": "EASEINOUTQUAD",
                "turn": 0,
                "leftLeg":{
                    "pitch":0.03880190849304199
                }
            },
            {
                "tick":12,
                "easing": "EASEINOUTQUAD",
                "turn": 0,
                "leftLeg":{
                    "pitch":0.14875763654708862
                }
            },
            {
                "tick":9,
                "easing": "EASEINOUTQUAD",
                "turn": 0,
                "leftLeg":{
                    "y":11.167949080467224
                }
            },
            {
                "tick":11,
                "easing": "EASEINOUTQUAD",
                "turn": 0,
                "leftLeg":{
                    "y":11.167949080467224
                }
            },
            {
                "tick":9,
                "easing": "EASEINOUTQUAD",
                "turn": 0,
                "leftLeg":{
                    "z":1.2727165460586547
                }
            },
            {
                "tick":11,
                "easing": "EASEINOUTQUAD",
                "turn": 0,
                "leftLeg":{
                    "z":1.2727165460586547
                }
            },
            {
                "tick":9,
                "easing": "EASEINOUTQUAD",
                "turn": 0,
                "leftLeg":{
                    "x":1.379406714439392
                }
            },
            {
                "tick":11,
                "easing": "EASEINOUTQUAD",
                "turn": 0,
                "leftLeg":{
                    "x":1.379406714439392
                }
            },
            {
                "tick":9,
                "easing": "EASEINOUTQUAD",
                "turn": 0,
                "rightItem":{
                    "x":1.1798179149627686
                }
            },
            {
                "tick":11,
                "easing": "EASEINQUAD",
                "turn": 0,
                "rightItem":{
                    "x":2.4110469818115234
                }
            },
            {
                "tick":12,
                "easing": "EASEOUTQUAD",
                "turn": 0,
                "rightItem":{
                    "x":0.17651599645614624
                }
            },
            {
                "tick":15,
                "easing": "EASEOUTQUAD",
                "turn": 0,
                "rightItem":{
                    "x":0.17651599645614624
                }
            },
            {
                "tick":20,
                "easing": "EASEOUTQUAD",
                "turn": 0,
                "rightItem":{
                    "x":2.3365159034729004
                }
            },
            {
                "tick":9,
                "easing": "EASEINOUTQUAD",
                "turn": 0,
                "rightItem":{
                    "z":-0.7139750123023987
                }
            },
            {
                "tick":10,
                "easing": "EASEINOUTQUAD",
                "turn": 0,
                "rightItem":{
                    "z":-1.1379588842391968
                }
            },
            {
                "tick":11,
                "easing": "EASEINQUAD",
                "turn": 0,
                "rightItem":{
                    "z":-1.9229600429534912
                }
            },
            {
                "tick":12,
                "easing": "EASEOUTQUAD",
                "turn": 0,
                "rightItem":{
                    "z":-0.7186911702156067
                }
            },
            {
                "tick":15,
                "easing": "EASEOUTQUAD",
                "turn": 0,
                "rightItem":{
                    "z":-0.7186911702156067
                }
            },
            {
                "tick":20,
                "easing": "EASEOUTQUAD",
                "turn": 0,
                "rightItem":{
                    "z":-1.958691120147705
                }
            },
            {
                "tick":9,
                "easing": "EASEINOUTQUAD",
                "turn": 0,
                "rightItem":{
                    "y":-2.933767795562744
                }
            },
            {
                "tick":11,
                "easing": "EASEINQUAD",
                "turn": 0,
                "rightItem":{
                    "y":-0.23347198963165283
                }
            },
            {
                "tick":12,
                "easing": "EASEOUTQUAD",
                "turn": 0,
                "rightItem":{
                    "y":-1.8483538627624512
                }
            },
            {
                "tick":15,
                "easing": "EASEOUTQUAD",
                "turn": 0,
                "rightItem":{
                    "y":-1.8483538627624512
                }
            },
            {
                "tick":20,
                "easing": "EASEOUTQUAD",
                "turn": 0,
                "rightItem":{
                    "y":-1.8483538627624512
                }
            },
            {
                "tick":9,
                "easing": "EASEINOUTQUAD",
                "turn": 0,
                "rightItem":{
                    "pitch":-1.3141087293624878
                }
            },
            {
                "tick":10,
                "easing": "EASEINOUTQUAD",
                "turn": 0,
                "rightItem":{
                    "pitch":-0.5952374339103699
                }
            },
            {
                "tick":11,
                "easing": "EASEINQUAD",
                "turn": 0,
                "rightItem":{
                    "pitch":-0.5663485527038574
                }
            },
            {
                "tick":12,
                "easing": "EASEOUTQUAD",
                "turn": 0,
                "rightItem":{
                    "pitch":-0.49070805311203003
                }
            },
            {
                "tick":15,
                "easing": "EASEOUTQUAD",
                "turn": 0,
                "rightItem":{
                    "pitch":-0.49070805311203003
                }
            },
            {
                "tick":20,
                "easing": "EASEOUTQUAD",
                "turn": 0,
                "rightItem":{
                    "pitch":-0.49070805311203003
                }
            },
            {
                "tick":9,
                "easing": "EASEINOUTQUAD",
                "turn": 0,
                "rightItem":{
                    "yaw":-0.26642927527427673
                }
            },
            {
                "tick":10,
                "easing": "EASEINOUTQUAD",
                "turn": 0,
                "rightItem":{
                    "yaw":0.0172252357006073
                }
            },
            {
                "tick":11,
                "easing": "EASEINQUAD",
                "turn": 0,
                "rightItem":{
                    "yaw":0.4213067293167114
                }
            },
            {
                "tick":12,
                "easing": "EASEOUTQUAD",
                "turn": 0,
                "rightItem":{
                    "yaw":0.2677736282348633
                }
            },
            {
                "tick":15,
                "easing": "EASEOUTQUAD",
                "turn": 0,
                "rightItem":{
                    "yaw":0.2677736282348633
                }
            },
            {
                "tick":20,
                "easing": "EASEOUTQUAD",
                "turn": 0,
                "rightItem":{
                    "yaw":0.2677736282348633
                }
            },
            {
                "tick":9,
                "easing": "EASEINOUTQUAD",
                "turn": 0,
                "rightItem":{
                    "roll":-0.5637564659118652
                }
            },
            {
                "tick":10,
                "easing": "EASEINOUTQUAD",
                "turn": 0,
                "rightItem":{
                    "roll":-1.4627604484558105
                }
            },
            {
                "tick":11,
                "easing": "EASEINQUAD",
                "turn": 0,
                "rightItem":{
                    "roll":-1.7794312238693237
                }
            },
            {
                "tick":12,
                "easing": "EASEOUTQUAD",
                "turn": 0,
                "rightItem":{
                    "roll":-1.4577587842941284
                }
            },
            {
                "tick":15,
                "easing": "EASEOUTQUAD",
                "turn": 0,
                "rightItem":{
                    "roll":-1.4577587842941284
                }
            },
            {
                "tick":20,
                "easing": "EASEOUTQUAD",
                "turn": 0,
                "rightItem":{
                    "roll":-1.4577587842941284
                }
            }
        ]
    }
}