{
    "name": "one_handed_chakram_throw_left",
    "author": "Daedelus - modified by Sweenus",
    "description": "One handed chakram throw from left to right",
    "emote":{
        "isLoop": "false",
        "returnTick": 2,
        "beginTick":8,
        "endTick":35,
        "stopTick":52,
        "degrees":false,
        "moves":[
            
            {
                "tick":8,
                "easing": "EASEINQUAD",
                "turn": 0,
                "head":{
                    "y":-0.0
                }
            },
            {
                "tick":12,
                "easing": "EASEOUTQUAD",
                "turn": 0,
                "head":{
                    "y":-0.0
                }
            },
            {
                "tick":20,
                "easing": "EASEOUTQUAD",
                "turn": 0,
                "head":{
                    "y":-0.0
                }
            },
            {
                "tick":8,
                "easing": "EASEINQUAD",
                "turn": 0,
                "head":{
                    "z":-0.0
                }
            },
            {
                "tick":12,
                "easing": "EASEOUTQUAD",
                "turn": 0,
                "head":{
                    "z":-0.0
                }
            },
            {
                "tick":20,
                "easing": "EASEOUTQUAD",
                "turn": 0,
                "head":{
                    "z":-0.0
                }
            },
            {
                "tick":8,
                "easing": "EASEINQUAD",
                "turn": 0,
                "head":{
                    "x":-0.0
                }
            },
            {
                "tick":12,
                "easing": "EASEOUTQUAD",
                "turn": 0,
                "head":{
                    "x":-0.0
                }
            },
            {
                "tick":20,
                "easing": "EASEOUTQUAD",
                "turn": 0,
                "head":{
                    "x":-0.0
                }
            },
            {
                "tick":8,
                "easing": "EASEINQUAD",
                "turn": 0,
                "head":{
                    "yaw":1.0214258432388306
                }
            },
            {
                "tick":12,
                "easing": "EASEOUTQUAD",
                "turn": 0,
                "head":{
                    "yaw":0.0006844675517641008
                }
            },
            {
                "tick":20,
                "easing": "EASEOUTQUAD",
                "turn": 0,
                "head":{
                    "yaw":-0.47912248969078064
                }
            },
            {
                "tick":8,
                "easing": "EASEINQUAD",
                "turn": 0,
                "head":{
                    "roll":0.03595995903015137
                }
            },
            {
                "tick":12,
                "easing": "EASEOUTQUAD",
                "turn": 0,
                "head":{
                    "roll":0.00522798765450716
                }
            },
            {
                "tick":20,
                "easing": "EASEOUTQUAD",
                "turn": 0,
                "head":{
                    "roll":0.10920248180627823
                }
            },
            {
                "tick":8,
                "easing": "EASEINQUAD",
                "turn": 0,
                "head":{
                    "pitch":-0.1584656536579132
                }
            },
            {
                "tick":12,
                "easing": "EASEOUTQUAD",
                "turn": 0,
                "head":{
                    "pitch":-0.17822837829589844
                }
            },
            {
                "tick":20,
                "easing": "EASEOUTQUAD",
                "turn": 0,
                "head":{
                    "pitch":-0.2039460688829422
                }
            },
            {
                "tick":8,
                "easing": "EASEINQUAD",
                "turn": 0,
                "torso":{
                    "yaw":0.9788968563079834
                }
            },
            {
                "tick":12,
                "easing": "EASEOUTQUAD",
                "turn": 0,
                "torso":{
                    "yaw":0.029255054891109467
                }
            },
            {
                "tick":20,
                "easing": "EASEOUTQUAD",
                "turn": 0,
                "torso":{
                    "yaw":-0.48942017555236816
                }
            },
            {
                "tick":8,
                "easing": "EASEINQUAD",
                "turn": 0,
                "torso":{
                    "roll":-0.23616550862789154
                }
            },
            {
                "tick":12,
                "easing": "EASEOUTQUAD",
                "turn": 0,
                "torso":{
                    "roll":-0.004595633130520582
                }
            },
            {
                "tick":20,
                "easing": "EASEOUTQUAD",
                "turn": 0,
                "torso":{
                    "roll":-0.0052046701312065125
                }
            },
            {
                "tick":8,
                "easing": "EASEINQUAD",
                "turn": 0,
                "torso":{
                    "pitch":-0.251034677028656
                }
            },
            {
                "tick":12,
                "easing": "EASEOUTQUAD",
                "turn": 0,
                "torso":{
                    "pitch":-0.19690698385238647
                }
            },
            {
                "tick":20,
                "easing": "EASEOUTQUAD",
                "turn": 0,
                "torso":{
                    "pitch":-0.1943257451057434
                }
            },
            {
                "tick":8,
                "easing": "EASEINQUAD",
                "turn": 0,
                "torso":{
                    "y":0.0
                }
            },
            {
                "tick":12,
                "easing": "EASEOUTQUAD",
                "turn": 0,
                "torso":{
                    "y":-0.016019942238926888
                }
            },
            {
                "tick":20,
                "easing": "EASEOUTQUAD",
                "turn": 0,
                "torso":{
                    "y":-0.010679961182177067
                }
            },
            {
                "tick":8,
                "easing": "EASEINQUAD",
                "turn": 0,
                "torso":{
                    "x":0.0
                }
            },
            {
                "tick":12,
                "easing": "EASEOUTQUAD",
                "turn": 0,
                "torso":{
                    "x":0.0
                }
            },
            {
                "tick":20,
                "easing": "EASEOUTQUAD",
                "turn": 0,
                "torso":{
                    "x":0.0
                }
            },
            {
                "tick":8,
                "easing": "EASEINQUAD",
                "turn": 0,
                "torso":{
                    "z":-0.18155933916568756
                }
            },
            {
                "tick":12,
                "easing": "EASEOUTQUAD",
                "turn": 0,
                "torso":{
                    "z":-0.11213959753513336
                }
            },
            {
                "tick":20,
                "easing": "EASEOUTQUAD",
                "turn": 0,
                "torso":{
                    "z":-0.18155933916568756
                }
            },
            {
                "tick":8,
                "easing": "EASEINQUAD",
                "turn": 0,
                "rightArm":{
                    "yaw":-0.9145771861076355
                }
            },
            {
                "tick":12,
                "easing": "EASEOUTQUAD",
                "turn": 0,
                "rightArm":{
                    "yaw":-0.05088121071457863
                }
            },
            {
                "tick":19,
                "easing": "EASEOUTQUAD",
                "turn": 0,
                "rightArm":{
                    "yaw":-0.05088121071457863
                }
            },
            {
                "tick":26,
                "easing": "EASEOUTQUAD",
                "turn": 0,
                "rightArm":{
                    "yaw":-0.05088121071457863
                }
            },
            {
                "tick":35,
                "easing": "EASEOUTQUAD",
                "turn": 0,
                "rightArm":{
                    "yaw":1.405850887298584
                }
            },
            {
                "tick":8,
                "easing": "EASEINQUAD",
                "turn": 0,
                "rightArm":{
                    "roll":0.2097051590681076
                }
            },
            {
                "tick":12,
                "easing": "EASEOUTQUAD",
                "turn": 0,
                "rightArm":{
                    "roll":0.05551237240433693
                }
            },
            {
                "tick":19,
                "easing": "EASEOUTQUAD",
                "turn": 0,
                "rightArm":{
                    "roll":0.05551237240433693
                }
            },
            {
                "tick":26,
                "easing": "EASEOUTQUAD",
                "turn": 0,
                "rightArm":{
                    "roll":0.05551237240433693
                }
            },
            {
                "tick":35,
                "easing": "EASEOUTQUAD",
                "turn": 0,
                "rightArm":{
                    "roll":-1.2513736486434937
                }
            },
            {
                "tick":8,
                "easing": "EASEINQUAD",
                "turn": 0,
                "rightArm":{
                    "y":2.1661481857299805
                }
            },
            {
                "tick":12,
                "easing": "EASEOUTQUAD",
                "turn": 0,
                "rightArm":{
                    "y":2.257852554321289
                }
            },
            {
                "tick":19,
                "easing": "EASEOUTQUAD",
                "turn": 0,
                "rightArm":{
                    "y":2.257852554321289
                }
            },
            {
                "tick":26,
                "easing": "EASEOUTQUAD",
                "turn": 0,
                "rightArm":{
                    "y":2.257852554321289
                }
            },
            {
                "tick":35,
                "easing": "EASEOUTQUAD",
                "turn": 0,
                "rightArm":{
                    "y":2.4736270904541016
                }
            },
            {
                "tick":8,
                "easing": "EASEINQUAD",
                "turn": 0,
                "rightArm":{
                    "z":-2.395448923110962
                }
            },
            {
                "tick":12,
                "easing": "EASEOUTQUAD",
                "turn": 0,
                "rightArm":{
                    "z":-1.96254563331604
                }
            },
            {
                "tick":19,
                "easing": "EASEOUTQUAD",
                "turn": 0,
                "rightArm":{
                    "z":-1.96254563331604
                }
            },
            {
                "tick":26,
                "easing": "EASEOUTQUAD",
                "turn": 0,
                "rightArm":{
                    "z":-1.96254563331604
                }
            },
            {
                "tick":35,
                "easing": "EASEOUTQUAD",
                "turn": 0,
                "rightArm":{
                    "z":-0.8304547667503357
                }
            },
            {
                "tick":8,
                "easing": "EASEINQUAD",
                "turn": 0,
                "rightArm":{
                    "x":-4.900559425354004
                }
            },
            {
                "tick":12,
                "easing": "EASEOUTQUAD",
                "turn": 0,
                "rightArm":{
                    "x":-3.746713161468506
                }
            },
            {
                "tick":19,
                "easing": "EASEOUTQUAD",
                "turn": 0,
                "rightArm":{
                    "x":-3.746713161468506
                }
            },
            {
                "tick":26,
                "easing": "EASEOUTQUAD",
                "turn": 0,
                "rightArm":{
                    "x":-3.746713161468506
                }
            },
            {
                "tick":35,
                "easing": "EASEOUTQUAD",
                "turn": 0,
                "rightArm":{
                    "x":-5.862567901611328
                }
            },
            {
                "tick":8,
                "easing": "EASEINQUAD",
                "turn": 0,
                "rightArm":{
                    "pitch":-1.4157692193984985
                }
            },
            {
                "tick":12,
                "easing": "EASEOUTQUAD",
                "turn": 0,
                "rightArm":{
                    "pitch":-1.7700697183609009
                }
            },
            {
                "tick":19,
                "easing": "EASEOUTQUAD",
                "turn": 0,
                "rightArm":{
                    "pitch":-1.7700697183609009
                }
            },
            {
                "tick":26,
                "easing": "EASEOUTQUAD",
                "turn": 0,
                "rightArm":{
                    "pitch":-1.7700697183609009
                }
            },
            {
                "tick":35,
                "easing": "EASEOUTQUAD",
                "turn": 0,
                "rightArm":{
                    "pitch":-2.8364431858062744
                }
            },
            {
                "tick":8,
                "easing": "EASEINQUAD",
                "turn": 0,
                "leftArm":{
                    "roll":-0.2779799699783325
                }
            },
            {
                "tick":20,
                "easing": "EASEOUTQUAD",
                "turn": 0,
                "leftArm":{
                    "roll":-0.8364941477775574
                }
            },
            {
                "tick":29,
                "easing": "EASEINOUTQUAD",
                "turn": 0,
                "leftArm":{
                    "roll":-0.6829050779342651
                }
            },
            {
                "tick":8,
                "easing": "EASEINQUAD",
                "turn": 0,
                "leftArm":{
                    "yaw":-0.5373518466949463
                }
            },
            {
                "tick":20,
                "easing": "EASEOUTQUAD",
                "turn": 0,
                "leftArm":{
                    "yaw":0.587609589099884
                }
            },
            {
                "tick":29,
                "easing": "EASEINOUTQUAD",
                "turn": 0,
                "leftArm":{
                    "yaw":0.10240809619426727
                }
            },
            {
                "tick":8,
                "easing": "EASEINQUAD",
                "turn": 0,
                "leftArm":{
                    "pitch":0.6021048426628113
                }
            },
            {
                "tick":20,
                "easing": "EASEOUTQUAD",
                "turn": 0,
                "leftArm":{
                    "pitch":-0.4471476674079895
                }
            },
            {
                "tick":29,
                "easing": "EASEINOUTQUAD",
                "turn": 0,
                "leftArm":{
                    "pitch":-0.24643480777740479
                }
            },
            {
                "tick":8,
                "easing": "EASEINQUAD",
                "turn": 0,
                "leftArm":{
                    "y":2.0
                }
            },
            {
                "tick":20,
                "easing": "EASEOUTQUAD",
                "turn": 0,
                "leftArm":{
                    "y":2.0
                }
            },
            {
                "tick":8,
                "easing": "EASEINQUAD",
                "turn": 0,
                "leftArm":{
                    "z":-0.0
                }
            },
            {
                "tick":20,
                "easing": "EASEOUTQUAD",
                "turn": 0,
                "leftArm":{
                    "z":-0.0
                }
            },
            {
                "tick":29,
                "easing": "EASEINOUTQUAD",
                "turn": 0,
                "leftArm":{
                    "z":2.679999828338623
                }
            },
            {
                "tick":8,
                "easing": "EASEINQUAD",
                "turn": 0,
                "leftArm":{
                    "x":5.0
                }
            },
            {
                "tick":20,
                "easing": "EASEOUTQUAD",
                "turn": 0,
                "leftArm":{
                    "x":5.0
                }
            },
            {
                "tick":8,
                "easing": "EASEINQUAD",
                "turn": 0,
                "rightLeg":{
                    "yaw":1.036094069480896
                }
            },
            {
                "tick":12,
                "easing": "EASEOUTQUAD",
                "turn": 0,
                "rightLeg":{
                    "yaw":0.0004959628568030894
                }
            },
            {
                "tick":20,
                "easing": "EASEOUTQUAD",
                "turn": 0,
                "rightLeg":{
                    "yaw":-0.4823102653026581
                }
            },
            {
                "tick":8,
                "easing": "EASEINQUAD",
                "turn": 0,
                "rightLeg":{
                    "roll":0.26340341567993164
                }
            },
            {
                "tick":12,
                "easing": "EASEOUTQUAD",
                "turn": 0,
                "rightLeg":{
                    "roll":-0.006747180130332708
                }
            },
            {
                "tick":20,
                "easing": "EASEOUTQUAD",
                "turn": 0,
                "rightLeg":{
                    "roll":0.09639111906290054
                }
            },
            {
                "tick":8,
                "easing": "EASEINQUAD",
                "turn": 0,
                "rightLeg":{
                    "pitch":0.05876097083091736
                }
            },
            {
                "tick":12,
                "easing": "EASEOUTQUAD",
                "turn": 0,
                "rightLeg":{
                    "pitch":0.22888609766960144
                }
            },
            {
                "tick":20,
                "easing": "EASEOUTQUAD",
                "turn": 0,
                "rightLeg":{
                    "pitch":0.20911429822444916
                }
            },
            {
                "tick":29,
                "easing": "EASEINOUTQUAD",
                "turn": 0,
                "rightLeg":{
                    "pitch":-0.1870754212141037
                }
            },
            {
                "tick":8,
                "easing": "EASEINQUAD",
                "turn": 0,
                "rightLeg":{
                    "x":-1.8743540287017821
                }
            },
            {
                "tick":12,
                "easing": "EASEOUTQUAD",
                "turn": 0,
                "rightLeg":{
                    "x":-1.8757001399993896
                }
            },
            {
                "tick":20,
                "easing": "EASEOUTQUAD",
                "turn": 0,
                "rightLeg":{
                    "x":-1.8757001399993896
                }
            },
            {
                "tick":29,
                "easing": "EASEINOUTQUAD",
                "turn": 0,
                "rightLeg":{
                    "x":-2.0757001876831054
                }
            },
            {
                "tick":8,
                "easing": "EASEINQUAD",
                "turn": 0,
                "rightLeg":{
                    "y":12.21717882156372
                }
            },
            {
                "tick":12,
                "easing": "EASEOUTQUAD",
                "turn": 0,
                "rightLeg":{
                    "y":12.162453919649124
                }
            },
            {
                "tick":20,
                "easing": "EASEOUTQUAD",
                "turn": 0,
                "rightLeg":{
                    "y":12.162453919649124
                }
            },
            {
                "tick":8,
                "easing": "EASEINQUAD",
                "turn": 0,
                "rightLeg":{
                    "z":0.11760923862457276
                }
            },
            {
                "tick":12,
                "easing": "EASEOUTQUAD",
                "turn": 0,
                "rightLeg":{
                    "z":0.9143384456634521
                }
            },
            {
                "tick":20,
                "easing": "EASEOUTQUAD",
                "turn": 0,
                "rightLeg":{
                    "z":0.9143384456634521
                }
            },
            {
                "tick":29,
                "easing": "EASEINOUTQUAD",
                "turn": 0,
                "rightLeg":{
                    "z":-0.32566156387329104
                }
            },
            {
                "tick":8,
                "easing": "EASEINQUAD",
                "turn": 0,
                "leftLeg":{
                    "yaw":0.8122034072875977
                }
            },
            {
                "tick":12,
                "easing": "EASEOUTQUAD",
                "turn": 0,
                "leftLeg":{
                    "yaw":-0.011312183924019337
                }
            },
            {
                "tick":20,
                "easing": "EASEOUTQUAD",
                "turn": 0,
                "leftLeg":{
                    "yaw":-0.5207899212837219
                }
            },
            {
                "tick":8,
                "easing": "EASEINQUAD",
                "turn": 0,
                "leftLeg":{
                    "roll":3.170967102050781e-05
                }
            },
            {
                "tick":12,
                "easing": "EASEOUTQUAD",
                "turn": 0,
                "leftLeg":{
                    "roll":0.041705723851919174
                }
            },
            {
                "tick":20,
                "easing": "EASEOUTQUAD",
                "turn": 0,
                "leftLeg":{
                    "roll":0.1597215086221695
                }
            },
            {
                "tick":8,
                "easing": "EASEINQUAD",
                "turn": 0,
                "leftLeg":{
                    "pitch":0.3029339909553528
                }
            },
            {
                "tick":12,
                "easing": "EASEOUTQUAD",
                "turn": 0,
                "leftLeg":{
                    "pitch":-0.48560112714767456
                }
            },
            {
                "tick":20,
                "easing": "EASEOUTQUAD",
                "turn": 0,
                "leftLeg":{
                    "pitch":-0.5359076857566833
                }
            },
            {
                "tick":8,
                "easing": "EASEINQUAD",
                "turn": 0,
                "leftLeg":{
                    "y":12.0
                }
            },
            {
                "tick":12,
                "easing": "EASEOUTQUAD",
                "turn": 0,
                "leftLeg":{
                    "y":9.755376815795898
                }
            },
            {
                "tick":20,
                "easing": "EASEOUTQUAD",
                "turn": 0,
                "leftLeg":{
                    "y":11.161827683448792
                }
            },
            {
                "tick":8,
                "easing": "EASEINQUAD",
                "turn": 0,
                "leftLeg":{
                    "z":-0.1
                }
            },
            {
                "tick":12,
                "easing": "EASEOUTQUAD",
                "turn": 0,
                "leftLeg":{
                    "z":-1.307118034362793
                }
            },
            {
                "tick":20,
                "easing": "EASEOUTQUAD",
                "turn": 0,
                "leftLeg":{
                    "z":-1.587497091293335
                }
            },
            {
                "tick":8,
                "easing": "EASEINQUAD",
                "turn": 0,
                "leftLeg":{
                    "x":1.9
                }
            },
            {
                "tick":12,
                "easing": "EASEOUTQUAD",
                "turn": 0,
                "leftLeg":{
                    "x":1.8615424871444701
                }
            },
            {
                "tick":20,
                "easing": "EASEOUTQUAD",
                "turn": 0,
                "leftLeg":{
                    "x":1.8549545049667358
                }
            },
            {
                "tick":8,
                "easing": "EASEINQUAD",
                "turn": 0,
                "rightItem":{
                    "x":0.5087337493896484
                }
            },
            {
                "tick":11,
                "easing": "EASEINOUTQUAD",
                "turn": 0,
                "rightItem":{
                    "x":1.0390946865081787
                }
            },
            {
                "tick":19,
                "easing": "EASEINOUTQUAD",
                "turn": 0,
                "rightItem":{
                    "x":-18.480905532836914
                }
            },
            {
                "tick":26,
                "easing": "EASEINOUTQUAD",
                "turn": 0,
                "rightItem":{
                    "x":0.3590942621231079
                }
            },
            {
                "tick":8,
                "easing": "EASEINQUAD",
                "turn": 0,
                "rightItem":{
                    "z":-0.08704018592834473
                }
            },
            {
                "tick":11,
                "easing": "EASEINOUTQUAD",
                "turn": 0,
                "rightItem":{
                    "z":-0.039112191647291183
                }
            },
            {
                "tick":19,
                "easing": "EASEINOUTQUAD",
                "turn": 0,
                "rightItem":{
                    "z":-46.23910903930664
                }
            },
            {
                "tick":26,
                "easing": "EASEINOUTQUAD",
                "turn": 0,
                "rightItem":{
                    "z":-1.639108657836914
                }
            },
            {
                "tick":8,
                "easing": "EASEINQUAD",
                "turn": 0,
                "rightItem":{
                    "y":-2.189578056335449
                }
            },
            {
                "tick":11,
                "easing": "EASEINOUTQUAD",
                "turn": 0,
                "rightItem":{
                    "y":-2.410712242126465
                }
            },
            {
                "tick":19,
                "easing": "EASEINOUTQUAD",
                "turn": 0,
                "rightItem":{
                    "y":-2.410712242126465
                }
            },
            {
                "tick":26,
                "easing": "EASEINOUTQUAD",
                "turn": 0,
                "rightItem":{
                    "y":-2.0507125854492188
                }
            },
            {
                "tick":8,
                "easing": "EASEINQUAD",
                "turn": 0,
                "rightItem":{
                    "pitch":-1.2223907709121704
                }
            },
            {
                "tick":11,
                "easing": "EASEINOUTQUAD",
                "turn": 0,
                "rightItem":{
                    "pitch":-1.2202832698822021
                }
            },
            {
                "tick":19,
                "easing": "EASEINOUTQUAD",
                "turn": 0,
                "rightItem":{
                    "pitch":2.4379265308380127
                }
            },
            {
                "tick":26,
                "easing": "EASEINOUTQUAD",
                "turn": 0,
                "rightItem":{
                    "pitch":11.274528503417969
                }
            },
            {
                "tick":8,
                "easing": "EASEINQUAD",
                "turn": 0,
                "rightItem":{
                    "yaw":-0.1259833723306656
                }
            },
            {
                "tick":11,
                "easing": "EASEINOUTQUAD",
                "turn": 0,
                "rightItem":{
                    "yaw":-0.055136214941740036
                }
            },
            {
                "tick":19,
                "easing": "EASEINOUTQUAD",
                "turn": 0,
                "rightItem":{
                    "yaw":-0.055136214941740036
                }
            },
            {
                "tick":26,
                "easing": "EASEINOUTQUAD",
                "turn": 0,
                "rightItem":{
                    "yaw":-0.055136214941740036
                }
            },
            {
                "tick":8,
                "easing": "EASEINQUAD",
                "turn": 0,
                "rightItem":{
                    "roll":1.6704667806625366
                }
            },
            {
                "tick":11,
                "easing": "EASEINOUTQUAD",
                "turn": 0,
                "rightItem":{
                    "roll":1.589026689529419
                }
            },
            {
                "tick":19,
                "easing": "EASEINOUTQUAD",
                "turn": 0,
                "rightItem":{
                    "roll":1.589026689529419
                }
            },
            {
                "tick":26,
                "easing": "EASEINOUTQUAD",
                "turn": 0,
                "rightItem":{
                    "roll":1.589026689529419
                }
            }
        ]
    }
}